<?xml version="1.0" encoding="UTF-8"?>
<beans xmlns="http://www.springframework.org/schema/beans"
	xmlns:xsi="http://www.w3.org/2001/XMLSchema-instance"
	xmlns:context="http://www.springframework.org/schema/context"
	xmlns:mvc="http://www.springframework.org/schema/mvc"
	xmlns:security="http://www.springframework.org/schema/security"
	xsi:schemaLocation="http://www.springframework.org/schema/mvc http://www.springframework.org/schema/mvc/spring-mvc.xsd
		http://www.springframework.org/schema/security http://www.springframework.org/schema/security/spring-security.xsd
		http://www.springframework.org/schema/beans http://www.springframework.org/schema/beans/spring-beans.xsd
		http://www.springframework.org/schema/context http://www.springframework.org/schema/context/spring-context.xsd">

 	<security:global-method-security pre-post-annotations="enabled"/>	
		
 	<security:http use-expressions="true">
	
 	  <security:intercept-url pattern="/employees/add" access="hasRole('ROLE_ADMIN')" />  	
	  <security:intercept-url pattern="/employees" access="hasAnyRole('ROLE_ADMIN','ROLE_USER')"  />
 	
 		<security:form-login login-page="/login" 
				login-processing-url="/postLogin"
               default-target-url="/welcome"    
  				username-parameter="username" 
				password-parameter="password"
               always-use-default-target="true"   
               authentication-failure-url="/loginfailed"/>
        <security:logout logout-success-url="/logout" 
        delete-cookies="JSESSIONID" logout-url= "/doLogout"/>
        
 	</security:http>
	

	<security:authentication-manager>
		<security:authentication-provider>
			<security:password-encoder hash="bcrypt" />
			<security:jdbc-user-service
				data-source-ref="dataSource"
				users-by-username-query="select username,password,enabled from users where username=?"
				authorities-by-username-query="select u1.username, u2.authority from users u1, authorities u2 where u1.username = u2.username and u1.username =?" />
		</security:authentication-provider>
	</security:authentication-manager>

 </beans>
